code,title,reason
F12.7,კანაბინოიდების მიღების შედეგად გამოწვეული ფსიქიკური და ქცევითი აშლილობანი. რეზიდუალური და მოგვიანებულ ასაკში განვითარებული ფსიქოზური აშლილობა. (F12.7,მრავალხაზიანი/შეწყვეტილი ტექსტი წყაროში
F13.2,სედატიური და საძილე საშუალების მიღების შედეგად გამოწვეული ფსიქიკური და ქცევითი აშლილობანი. ფსიქოაქტიური ნივთიერებებისადმი დამოკიდებულების სინდრომი (F1,მრავალხაზიანი/შეწყვეტილი ტექსტი წყაროში
F13.3,სედატიური და საძილე საშუალების მიღების შედეგად გამოწვეული ფსიქიკური და ქცევითი აშლილობანი. აღკვეთის მდგომარეობა (ფსიქოაქტიურ ნივთიერებათა მოხსნის სინდ,მრავალხაზიანი/შეწყვეტილი ტექსტი წყაროში
F15.3,სხვა სტიმულატორების (კოფეინის ჩათვლით) მიღების შედეგად გამოწვეული ფსიქიკური და ქცევითი აშლილობანი. აღკვეთის მდგომარეობა (ფსიქოაქტიურ ნივთიერებათა მოხს,მრავალხაზიანი/შეწყვეტილი ტექსტი წყაროში
F15.9,სხვა სტიმულატორების (კოფეინის ჩათვლით) მიღების შედეგად გამოწვეული ფსიქიკური და ქცევითი აშლილობანი. დაუზუსტებელი ფსიქიკური და ქცევითი აშლილობანი. (F15.,მრავალხაზიანი/შეწყვეტილი ტექსტი წყაროში
F16.7,ჰალუცინოგენების მიღების შედეგად გამოწვეული ფსიქიკური და ქცევითი აშლილობანი. რეზიდუალური და მოგვიანებულ ასაკში განვითარებული ფსიქოზური აშლილობა. (F16.,მრავალხაზიანი/შეწყვეტილი ტექსტი წყაროში
G13.1,უპირატესად ცენტრალური ნერვული სისტემის დამაზიანებელი სხვა სისტემური ატროფიები სიმსივნური ავადმყოფობის დროს პარანეოპლასტური ლიმბური ენცეფალოპათია (C 0,მრავალხაზიანი/შეწყვეტილი ტექსტი წყაროში
G73.5,მიოპათია ენდოკრინული ავადმყოფობების დროს მიოპათია:,მრავალხაზიანი/შეწყვეტილი ტექსტი წყაროში
H22.1,"ირიდოციკლიტი სხვა ავადმყოფობების დროს, რომლებიც შეტანილია სხვა რუბრიკებში ირიდოციკლიტი: . ანკილოზური სპონდილიტის დროს (M 45+) . სარკოიდოზის დროს (D",მრავალხაზიანი/შეწყვეტილი ტექსტი წყაროში
I79.1,"აორტიტები იმ ავადმყოფობის დროს, რომლებიც შეტანილია სხვა რუბრიკებში ათაშანგური აორტიტი (A52.0+)",მრავალხაზიანი/შეწყვეტილი ტექსტი წყაროში
M14.2,დიაბეტური ართროპათია (E 10-E 14+) საერთო მეოთხე რიგის ქვეკატეგორიის ნიშნით . 6),მრავალხაზიანი/შეწყვეტილი ტექსტი წყაროში
M90.6,მადეფორმირებელი ოსტეიტი სიმსივნური ავადმყოფობის დროს (C00-D48+) მადეფორმირებელი ოსტეიტი ძვლის ავთვისებიანი სიმსივნის დროს (C40-C41+),მრავალხაზიანი/შეწყვეტილი ტექსტი წყაროში
N13.9,"ობსტრუქციული უროპათია და რეფლუქს-უროპათია, დაუზუსტებელი საშარდე გზების ობსტრუქცია, რომელიც სხვაგვარად არ არის დაზუსტებული",მრავალხაზიანი/შეწყვეტილი ტექსტი წყაროში
N33.8,"შარდის ბუშტის დაზიანებები იმ სხვა ავადმყოფობათა დროს, რომლებიც შეტანილია სხვა რუბრიკებში",მრავალხაზიანი/შეწყვეტილი ტექსტი წყაროში
N37.0,"ურეთრიტი, იმ ავადმყოფობათა დროს, რომლებიც შეტანილია სხვა კლასიფიკაციებში კანდიდური ურეთრიტი (B37.4+)",მრავალხაზიანი/შეწყვეტილი ტექსტი წყაროში
N51.1,"სათესლე ჯირკვლის და სათესლე ჯირკვლის დანამატის დაზიანებები იმ ავადმყოფობათა დროს, რომლებიც შეტანილია სხვა რუბრიკებში",მრავალხაზიანი/შეწყვეტილი ტექსტი წყაროში
N51.8,"მამაკაცის სასქესო ორგანოების სხვა დაზიანებები იმ ავადმყოფობათა დროს, რომლებიც შეტანილია სხვა რუბრიკებში",მრავალხაზიანი/შეწყვეტილი ტექსტი წყაროში
N77.1,"ვაგინიტი, ვულვიტი და ვულვოვაგინიტი იმ ინფექციური და პარაზიტული ავადმყოფობის დროს, რომლებიც შეტანილია სხვა კლასიფიკაციებში",მრავალხაზიანი/შეწყვეტილი ტექსტი წყაროში
N85.1,"ენდომეტრიუმის ადენომატოზური ჰიპერპლაზია ენდომეტრიუმის ჰიპერპლაზია, ატიპური (ადენომატოზური)",მრავალხაზიანი/შეწყვეტილი ტექსტი წყაროში
N90.8,ვულვისა და შორისის სხვა დაზუსტებული არაანთებითი ავადმყოფობები ვულვის ნაწიბურები (შეხორცებები) კლიტორის ჰიპერტროფია,მრავალხაზიანი/შეწყვეტილი ტექსტი წყაროში
O08.5,"მეტაბოლიზმური დარღვევები, აბორტის, საშვილოსნოს გარეშე ორსულობის და ბუშტნამქერის შემდეგ",მრავალხაზიანი/შეწყვეტილი ტექსტი წყაროში
O63.9,"გახანგრძლივებული მშობიარობა, დაუზუსტებელი გახანგრძლივებული მშობიარობა, რომელიც სხვაგვარად არ არის დაზუსტებული",მრავალხაზიანი/შეწყვეტილი ტექსტი წყაროში
R83.3,"თავ-ზურგ-ტვინის სითხეში გამოვლენილი ნორმიდან გადახრილი მონაცემები, ძირითადად არასამკურნალო დანიშნულების ნივთიერებების ნორმიდან გადახრილი შემცველობა (",მრავალხაზიანი/შეწყვეტილი ტექსტი წყაროში
R84.5,"სასუნთქი სისტემის ორგანოებიდან და გულმკერდის ღრუდან აღებულ სინჯებში გამოვლენილი დარღვევები, მიკრობიოლოგიური გამოკვლევით გამოვლენილი დარღვევები (R84.5",მრავალხაზიანი/შეწყვეტილი ტექსტი წყაროში
R87.3,"ქალის სასქესო ორგანოებიდან აღებულ სინჯებში გამოვლენილი დარღვევები, ძირითადად არასამკურნალო დანიშნულების ნივთიერებების ნორმიდან გადახრილი შემცველობა (",მრავალხაზიანი/შეწყვეტილი ტექსტი წყაროში
S06.0,თავის ტვინის შერყევა Commotio cerebri,მრავალხაზიანი/შეწყვეტილი ტექსტი წყაროში
T29.2,"სხვადასხვა მიდამოს თერმული დამწვრობა, მხოლოდ მეორე ხარისხის დამწვრობის აღნიშვნით",მრავალხაზიანი/შეწყვეტილი ტექსტი წყაროში
T29.6,"სხვადასხვა მიდამოს ქიმიური დამწვრობა, მხოლოდ მეორე ხარისხის დამწვრობის აღნიშვნით",მრავალხაზიანი/შეწყვეტილი ტექსტი წყაროში
T45.7,"ანტიკოაგულაციური საშუალებების ანტაგონისტებით, ვიტამინი K-თი და სხვა კოაგულაციური საშუალებებით მოწამლვა, რომლებიც არ არის შეტანილი სხვა რუბრიკებში (T45",მრავალხაზიანი/შეწყვეტილი ტექსტი წყაროში
T51.0,ეთანოლის ტოქსიური ეფექტი ეთილის სპირტის ტოქსიური ეფექტი,მრავალხაზიანი/შეწყვეტილი ტექსტი წყაროში
T81.1,"შოკი პროცედურის განმავლობაში ან მის შემდეგ, რომელიც არ არის შეტანილი სხვა რუბრიკებში",მრავალხაზიანი/შეწყვეტილი ტექსტი წყაროში
T81.2,"შემთხვევითი ნაჩხვლეტი და ნახევი პროცედურის დროს, რომელიც არ არის შეტანილი სხვა რუბრიკებში",მრავალხაზიანი/შეწყვეტილი ტექსტი წყაროში
T81.5,"სხეულის რომელიმე ღრუში ან ნაოპერაციევ ჭრილობაში შემთხვევით დარჩენილი უცხო სხეული, პროცედურის შემდეგ",მრავალხაზიანი/შეწყვეტილი ტექსტი წყაროში
T82.5,სხვა კარდიული და სისხლძარღვოვანი მოწყობილობებისა და იმპლანტანტებით მექანიკური წარმოშობის გართულება,მრავალხაზიანი/შეწყვეტილი ტექსტი წყაროში
T85.6,"სხვა დაზუსტებული შიდა საპროთეზო საშუალებების, იმპლანტანტებისა და ტრანსპლანტანტების მექანიკური გართულება",მრავალხაზიანი/შეწყვეტილი ტექსტი წყაროში
V03.9,"ქვეითი, დაზარალებული მსუბუქ ავტომანქანასთან, საბარგო პიკაპთან ან ფურგონთან შეჯახებისას, უბედური შემთხვევა, დაუზუსტებელი როგორც საგზაო ან არასაგზაო (V",მრავალხაზიანი/შეწყვეტილი ტექსტი წყაროში
V13.3,"ველოსიპედისტი, დაზარალებული მსუბუქ ავტომანქანასთან, საბარგო პიკაპთან ან ფურგონთან შეჯახებისას, პიროვნება, დაზარალებული ჩასხდომისას ან გადმოსვლისას (",მრავალხაზიანი/შეწყვეტილი ტექსტი წყაროში
V14.0,"ველოსიპედისტი, დაზარალებული სატვირთო ავტომანქანასთან ან ავტობუსთან შეჯახებისას, ველოსიპედისტი-მძღოლი, დაზარალებული არასაგზაო შემთხვევის შედეგად (V14",მრავალხაზიანი/შეწყვეტილი ტექსტი წყაროში
V14.1,"ველოსიპედისტი, დაზარალებული სატვირთო ავტომანქანასთან ან ავტობუსთან შეჯახებისას, ველოსიპედისტი-მგზავრი, დაზარალებული არასაგზაო შემთხვევის შედეგად (V14",მრავალხაზიანი/შეწყვეტილი ტექსტი წყაროში
V14.9,"ველოსიპედისტი, დაზარალებული სატვირთო ავტომანქანასთან ან ავტობუსთან შეჯახებისას, დაუზუსტებელი ველოსიპედისტი, დაზარალებული საგზაო შემთხვევის შედეგად. (V",მრავალხაზიანი/შეწყვეტილი ტექსტი წყაროში
V18.2,"ველოსიპედისტი, დაზარალებული სატრანსპორტო შემთხვევის დროს შეჯახების გარეშე, დაუზუსტებელი ველოსიპედისტი, დაზარალებული არასაგზაო შემთხვევის შედეგად (V18.",მრავალხაზიანი/შეწყვეტილი ტექსტი წყაროში
V22.2,"მოტოციკლეტისტი დაზარალებული ორ ან სამთვლიან მოტოტრანსპორტთან შეჯახებისას. დაუზუსტებელი მოტოციკლისტი, დაზარალებული არასაგზაო შემთხვევის შედეგად (V22.2",მრავალხაზიანი/შეწყვეტილი ტექსტი წყაროში
V23.0,"მოტოციკლეტისტი დაზარალებული მსუბუქ ავტომანქანასთან, საბარგო პიკაპთან ან ფურგონთან შეჯახებისას, მძღოლი, დაზარალებული არასაგზაო შემთხვევის შედეგად (V23",მრავალხაზიანი/შეწყვეტილი ტექსტი წყაროში
V23.1,"მოტოციკლეტისტი დაზარალებული მსუბუქ ავტომანქანასთან, საბარგო პიკაპთან ან ფურგონთან შეჯახებისას, მგზავრი, დაზარალებული არასაგზაო შემთხვევის შედეგად (V2",მრავალხაზიანი/შეწყვეტილი ტექსტი წყაროში
V23.3,"მოტოციკლეტისტი დაზარალებული მსუბუქ ავტომანქანასთან, საბარგო პიკაპთან ან ფურგონთან შეჯახებისას, პიროვნება, დაზარალებული ჩასხდომისას ან გადმოსვლისას (V2",მრავალხაზიანი/შეწყვეტილი ტექსტი წყაროში
V24.9,"მოტოციკლეტისტი, დაზარალებული სატვირთო ავტომანქანასთან ან ავტობუსთან შეჯახებისას, დაუზუსტებელი მოტოციკლისტი, დაზარალებული საგზაო შემთხვევის შედეგად (V2",მრავალხაზიანი/შეწყვეტილი ტექსტი წყაროში
V25.4,"მოტოციკლეტისტი, დაზარალებული მატარებელთან ან სხვა სარკინიგზო სატრანსპორტო საშუალებასთან შეჯახებისას, მძღოლი, დაზარალებული საგზაო შემთხვევის შედეგად (V",მრავალხაზიანი/შეწყვეტილი ტექსტი წყაროში
V25.5,"მოტოციკლეტისტი, დაზარალებული მატარებელთან ან სხვა სარკინიგზო სატრანსპორტო საშუალებასთან შეჯახებისას, მგზავრი, დაზარალებული საგზაო შემთხვევის შედეგად (",მრავალხაზიანი/შეწყვეტილი ტექსტი წყაროში
V26.9,"მოტოციკლეტისტი, დაზარალებული სხვა უძრავო სატრანსპორტო საშუალებასთან შეჯახებისას, დაუზუსტებელი მოტოციკლისტი, დაზარალებული საგზაო შემთხვევის შედეგად (V2",მრავალხაზიანი/შეწყვეტილი ტექსტი წყაროში
V28.2,"მოტოციკლეტისტი, დაზარალებული სატრანსპორტო შემთხვევის დროს, შეჯახების გარეშე, დაუზუსტებელი მოტოციკლისტი, დაზარალებული არასაგზაო შემთხვევის შედეგად (V",მრავალხაზიანი/შეწყვეტილი ტექსტი წყაროში
V28.9,"მოტოციკლეტისტი, დაზარალებული სატრანსპორტო შემთხვევის დროს, შეჯახების გარეშე, დაუზუსტებელი მოტოციკლისტი, დაზარალებული საგზაო შემთხვევის შედეგად (V28.9",მრავალხაზიანი/შეწყვეტილი ტექსტი წყაროში
V31.0,"სამთვლიან ძრავიან სატრანსპორტო საშუალებაში მყოფი პირი, დაზარალებული ველოსიპედისტთან შეჯახებისას, მძღოლი დაზარალებული არასაგზაო უბედურ შემთხვევაში (V31",მრავალხაზიანი/შეწყვეტილი ტექსტი წყაროში
V31.1,"სამთვლიან ძრავიან სატრანსპორტო საშუალებაში მყოფი პირი, დაზარალებული ველოსიპედისტთან შეჯახებისას, მგზავრი დაზარალებული არა საგზაო უბედურ შემთხვევაში (V",მრავალხაზიანი/შეწყვეტილი ტექსტი წყაროში
V31.4,"სამთვლიან ძრავიან სატრანსპორტო საშუალებაში მყოფი პირი, დაზარალებული ველოსიპედისტთან შეჯახებისას, პიროვნება დაზარალებული ჩასხდომისას ან ჩამოსვლისას (V3",მრავალხაზიანი/შეწყვეტილი ტექსტი წყაროში
V31.6,"სამთვლიან ძრავიან სატრანსპორტო საშუალებაში მყოფი პირი, დაზარალებული ველოსიპედისტთან შეჯახებისას, მგზავრი დაზარალებული საგზაო უბედურ შემთხვევაში (V31.6",მრავალხაზიანი/შეწყვეტილი ტექსტი წყაროში
V40.3,"მსუბუქი მანქანაში მყოფი პირი, დაზარალებული ქვეითთან ან ცხოველთან შეჯახებისას, მანქანაში მყოფი დაუზუსტებელი პირი, დაზარალებული არასაგზაო შემთხვევაში (V",მრავალხაზიანი/შეწყვეტილი ტექსტი წყაროში
V40.9,"მსუბუქი მანქანაში მყოფი პირი, დაზარალებული ქვეითთან ან ცხოველთან შეჯახებისას, მანქანაში მყოფი დაუზუსტებელი პირი, დაზარალებული საგზაო შემთხვევაში (V40.",მრავალხაზიანი/შეწყვეტილი ტექსტი წყაროში
V41.2,"მსუბუქ მანქანაში მყოფი პირი, დაზარალებული ველოსიპედისტთან შეჯახებისას, პიროვნება სატრანსპორტო საშუალების გარეთ, დაზარალებული არასაგზაო შემთხვევაში (V4",მრავალხაზიანი/შეწყვეტილი ტექსტი წყაროში
V41.7,"მსუბუქ მანქანაში მყოფი პირი, დაზარალებული ველოსიპედისტთან შეჯახებისას, პიროვნება სატრანსპორტო საშუალების გარეთ, დაზარალებული საგზაო შემთხვევაში (V41.7",მრავალხაზიანი/შეწყვეტილი ტექსტი წყაროში
V43.5,"მსუბუქ მანქანაში მყოფი პირი, დაზარალებული მსუბუქ ავტომანქანასთან, საბარგო პიკაპთან ან ფურგონთან შეჯახებისას, მძღოლი, დაზარალებული საგზაო შემთხვევაში (",მრავალხაზიანი/შეწყვეტილი ტექსტი წყაროში
V46.4,"მსუბუქ მანქანაში მყოფი პირი, დაზარალებული სხვა უძრავო სატრანსპორტო საშუალებასთან შეჯახებისას. პიროვნება, დაზარალებული ჩასხდომისას ან გადმოსვლისას (V4",მრავალხაზიანი/შეწყვეტილი ტექსტი წყაროში
V49.2,"ავტომანქანაში მყოფი დაუზუსტებელი პირი, დაზარალებული სხვა და დაუზუსტებელ სატრანსპორტო საშუალებასთან შეჯახებისას არასაგზაოუბედური შემთხვევის შედეგად (V",მრავალხაზიანი/შეწყვეტილი ტექსტი წყაროში
V51.3,"საბარგო პიკაპში ან ფურგონში მყოფი პირი, დაზარალებული ველოსიპედისტთან შეჯახებისას, პიკაპში ან ფურგონში მყოფი პირი, დაზარალებული არასაგზაო შემთხვევაში (",მრავალხაზიანი/შეწყვეტილი ტექსტი წყაროში
V52.1,"საბარგო პიკაპში ან ფურგონში მყოფი პირი დაზარალებული ორ- ან სამთვლიან მოტოტრანსპორტთან შეჯახებისას. მგზავრი, დაზარალებული არასაგზაო შემთხვევაში (V52.1",მრავალხაზიანი/შეწყვეტილი ტექსტი წყაროში
V52.9,საბარგო პიკაპში ან ფურგონში მყოფი პირი დაზარალებული ორ- ან სამთვლიან მოტოტრანსპორტთან შეჯახებისას. საბარგო პიკაპში ან ფურგონში მყოფი პირი (ნებისმიერი,მრავალხაზიანი/შეწყვეტილი ტექსტი წყაროში
V54.5,"საბარგო პიკაპში ან ფურგონში მყოფი პირი, დაზარალებული მძიმე სატვირთო ავტომობილთან ან ავტობუსთან შეჯახებისას, მძღოლი, დაზარალებული საგზაო შემთხვევაში (V",მრავალხაზიანი/შეწყვეტილი ტექსტი წყაროში
V54.6,"საბარგო პიკაპში ან ფურგონში მყოფი პირი, დაზარალებული მძიმე სატვირთო ავტომობილთან ან ავტობუსთან შეჯახებისას, მგზავრი, დაზარალებული საგზაო შემთხვევაში (",მრავალხაზიანი/შეწყვეტილი ტექსტი წყაროში
V54.9,"საბარგო პიკაპში ან ფურგონში მყოფი პირი, დაზარალებული მძიმე სატვირთო ავტომობილთან ან ავტობუსთან შეჯახებისას, საბარგო პიკაპში ან ფურგონში მყოფი პირი (ნე",მრავალხაზიანი/შეწყვეტილი ტექსტი წყაროში
V56.0,"საბარგო პიკაპში ან ფურგონში მყოფი პირი, დაზარალებული სხვა უძრავო სატრანსპორტო საშუალებასთან შეჯახებისას. მძღოლი, დაზარალებული არასაგზაო შემთხვევაში (",მრავალხაზიანი/შეწყვეტილი ტექსტი წყაროში
V56.5,"საბარგო პიკაპში ან ფურგონში მყოფი პირი, დაზარალებული სხვა უძრავო სატრანსპორტო საშუალებასთან შეჯახებისას. მძღოლი, დაზარალებული საგზაო შემთხვევაში (V56",მრავალხაზიანი/შეწყვეტილი ტექსტი წყაროში
V56.6,"საბარგო პიკაპში ან ფურგონში მყოფი პირი, დაზარალებული სხვა უძრავო სატრანსპორტო საშუალებასთან შეჯახებისას. მგზავრი, დაზარალებული საგზაო შემთხვევაში (V5",მრავალხაზიანი/შეწყვეტილი ტექსტი წყაროში
V56.9,"საბარგო პიკაპში ან ფურგონში მყოფი პირი, დაზარალებული სხვა უძრავო სატრანსპორტო საშუალებასთან შეჯახებისას. საბარგო პიკაპში ან ფურგონში მყოფი პირი (ნები",მრავალხაზიანი/შეწყვეტილი ტექსტი წყაროში
V57.4,"საბარგო პიკაპში ან ფურგონში მყოფი პირი, დაზარალებული დამაგრებულ ან უძრავ ობიექტთან შეჯახებისას, პიროვნება დაზარალებული ჩასხდომისას ან გადმოსვლისას (V",მრავალხაზიანი/შეწყვეტილი ტექსტი წყაროში
V58.4,"საბარგო პიკაპში ან ფურგონში მყოფი პირი, დაზარალებული სატრანსპორო შემთხვევაში, შეჯახების გარეშე. პიროვნება დაზარალებული ჩასხდომისას ან გადმოსვლისას (V",მრავალხაზიანი/შეწყვეტილი ტექსტი წყაროში
V62.0,"მძიმე სატვირთო ავტომობილში მყოფი პირი, დაზარალებული ორ- ან სამთვლიან მოტოტრანსპორტთან შეჯახებისას. მძღოლი, დაზარალებული არასაგზაო შემთხვევაში. (V62.0",მრავალხაზიანი/შეწყვეტილი ტექსტი წყაროში
V62.1,"მძიმე სატვირთო ავტომობილში მყოფი პირი, დაზარალებული ორ- ან სამთვლიან მოტოტრანსპორტთან შეჯახებისას. მგზავრი, დაზარალებული არასაგზაო შემთხვევაში (V62.1",მრავალხაზიანი/შეწყვეტილი ტექსტი წყაროში
V64.5,"მძიმე სატვირთო ავტომობილში მყოფი პირი, დაზარალებული მძიმე სატვირთო ავტომობილთან ან ავტობუსთან შეჯახებისას მძღოლი, დაზარალებული საგზაო შემთხვევაში (V",მრავალხაზიანი/შეწყვეტილი ტექსტი წყაროში
V64.6,"მძიმე სატვირთო ავტომობილში მყოფი პირი, დაზარალებული მძიმე სატვირთო ავტომობილთან ან ავტობუსთან შეჯახებისას მგზავრი, დაზარალებული საგზაო შემთხვევაში (",მრავალხაზიანი/შეწყვეტილი ტექსტი წყაროში
V66.0,"მძიმე სატვირთო ავტომობილში მყოფი პირი, დაზარალებული სხვა უძრავო სატრანსპორტო საშუალებასთან შეჯახებისას, მძღოლი, დაზარალებული არასაგზაო შემთხვევაში. (V",მრავალხაზიანი/შეწყვეტილი ტექსტი წყაროში
V66.1,"მძიმე სატვირთო ავტომობილში მყოფი პირი, დაზარალებული სხვა უძრავო სატრანსპორტო საშუალებასთან შეჯახებისას, მგზავრი, დაზარალებული არასაგზაო შემთხვევაში (V",მრავალხაზიანი/შეწყვეტილი ტექსტი წყაროში
V66.5,"მძიმე სატვირთო ავტომობილში მყოფი პირი, დაზარალებული სხვა უძრავო სატრანსპორტო საშუალებასთან შეჯახებისას, მძღოლი, დაზარალებული საგზაო შემთხვევაში (V66",მრავალხაზიანი/შეწყვეტილი ტექსტი წყაროში
V66.6,"მძიმე სატვირთო ავტომობილში მყოფი პირი, დაზარალებული სხვა უძრავო სატრანსპორტო საშუალებასთან შეჯახებისას, მგზავრი, დაზარალებული საგზაო შემთხვევაში (V6",მრავალხაზიანი/შეწყვეტილი ტექსტი წყაროში
V70.2,"ავტობუსში მყოფი პირი დაზარალებული ქვეითთან ან ცხოველთან შეჯახებისას,პიროვნება, სატრანსპორტო საშუალების გარეთ, დაზარალებული არასაგზაო შემთხვევაში (V70.",მრავალხაზიანი/შეწყვეტილი ტექსტი წყაროში
V72.9,ავტობუსში მყოფი პირი დაზარალებული ორ- ან სამთვლიან მოტოტრანსპორტთან შეჯახებისას. ავტობუსში მყოფი დაუზუსტებელი პირი დაზარალებული საგზაო შემთხვევაში. (,მრავალხაზიანი/შეწყვეტილი ტექსტი წყაროში
V73.0,"ავტობუსში მყოფი პირი, დაზარალებული მსუბუქ ავტომანქანასთან, საბარგო პიკაპთან ან ფურგონთან შეჯახებისას. მძღოლი, დაზარალებული არასაგზაო შემთხვევაში (V",მრავალხაზიანი/შეწყვეტილი ტექსტი წყაროში
V73.1,"ავტობუსში მყოფი პირი, დაზარალებული მსუბუქ ავტომანქანასთან, საბარგო პიკაპთან ან ფურგონთან შეჯახებისას. მგზავრი, დაზარალებული არასაგზაო შემთხვევაში (",მრავალხაზიანი/შეწყვეტილი ტექსტი წყაროში
V73.5,"ავტობუსში მყოფი პირი, დაზარალებული მსუბუქ ავტომანქანასთან, საბარგო პიკაპთან ან ფურგონთან შეჯახებისას. მძღოლი, დაზარალებული საგზაო შემთხვევაში (V73.",მრავალხაზიანი/შეწყვეტილი ტექსტი წყაროში
V73.6,"ავტობუსში მყოფი პირი, დაზარალებული მსუბუქ ავტომანქანასთან, საბარგო პიკაპთან ან ფურგონთან შეჯახებისას. მგზავრი, დაზარალებული საგზაო შემთხვევაში (V73",მრავალხაზიანი/შეწყვეტილი ტექსტი წყაროში
V74.4,"ავტობუსში მყოფი პირი, დაზარალებული მძიმე სატვირთო ავტომანქანასთან ან ავტობუსთან შეჯახებისას, პიროვნება, დაზარალებული ჩასხდომისას ან გადმოსვლისას (V74.",მრავალხაზიანი/შეწყვეტილი ტექსტი წყაროში
V75.5,"ავტობუსში მყოფი პირი, დაზარალებული მატარებელთან ან სხვა სარკინიგზო სატრანსპორტო საშუალებასთან შეჯახებისას. მძღოლი, დაზარალებული საგზაო შემთხვევაში (",მრავალხაზიანი/შეწყვეტილი ტექსტი წყაროში
V77.3,"ავტობუსში მყოფი პირი, დაზარალებულ დამაგრებული ან უძრავ ობიექტთან შეჯახებისას.ავტობუსში მყოფი დაუზუსტებელი პირი, დაზარალებული არასაგზაო შემთხვევაში (V7",მრავალხაზიანი/შეწყვეტილი ტექსტი წყაროში
V77.9,"ავტობუსში მყოფი პირი, დაზარალებულ დამაგრებული ან უძრავ ობიექტთან შეჯახებისას. ავტობუსში მყოფი დაუზუსტებელი პირი დაზარალებული საგზაო შემთხვევაში. (V77.",მრავალხაზიანი/შეწყვეტილი ტექსტი წყაროში
V78.3,"ავტობუსში მყოფი პირი, დაზარალებული სატრანსპორტო შემთხვევაში, შეჯახების გარეშე, ავტობუსში მყოფი დაუზუსტებელი პირი, დაზარალებული არასაგზაო შემთხვევაში (",მრავალხაზიანი/შეწყვეტილი ტექსტი წყაროში
V78.9,"ავტობუსში მყოფი პირი, დაზარალებული სატრანსპორტო შემთხვევაში, შეჯახების გარეშე, ავტობუსში მყოფი დაუზუსტებელი პირი დაზარალებული საგზაო შემთხვევაში. (V78",მრავალხაზიანი/შეწყვეტილი ტექსტი წყაროში
V79.6,"ავტობუსში მყოფი დაუზუსტებელი პირი, დაზარალებული სხვა და დაუზუსტებელ ძრავიან სატრანსპორტო საშუალებასთან შეჯახებისას საგზაო უბედური შემთხვევის შედეგად (",მრავალხაზიანი/შეწყვეტილი ტექსტი წყაროში
V81.7,"მატარებელში ან სხვა სარკინიგზო სატრანსპორტო საშუალებში მყოფიპირი, დაზარალებული შემადგენლობის ლიანდაგიდან გადასვლისას, წინამორბედი შეჯახების გარეშე. (V",მრავალხაზიანი/შეწყვეტილი ტექსტი წყაროში
V86.3,"ყველგანმავალში და სხვა უპირატესად მაღალი გამავლობის სატრანსპორტო საშუალებაში მყოფი დაზუსტებული პირი, დაზარალებული საგზაო უბედური შემთხვევის შედეგად (",მრავალხაზიანი/შეწყვეტილი ტექსტი წყაროში
V86.7,"პიროვნება, ყველგანმავალის ან სხვა უპირატესად მაღალი გამავლობის სატრანსპორტო საშუალების გარეთ დაზარალებული არასაგზაო უბედური შემთხვევის შედეგად (V86.7",მრავალხაზიანი/შეწყვეტილი ტექსტი წყაროში
V87.9,"პირი, დაზარალებული სხვა დაზუსტებულ სატრანსპორტო (საგზაო) შემთხვევაში, რომელშიც მონაწილეობს არაძრავიანი სატრანსპორტო საშუალება (შეჯახებით) (შეჯახების",მრავალხაზიანი/შეწყვეტილი ტექსტი წყაროში
V88.9,"პირი, დაზარალებული სხვა დაზუსტებულ სატრანსპორტო არასაგზაო შემთხვევაში, რომელშიც მონაწილეობდა არაძრავიანი სატრანსპორტო საშუალება (შეჯახებით) (შეჯახების",მრავალხაზიანი/შეწყვეტილი ტექსტი წყაროში
Y70.2,"საანესთეზიო ხელსაწყოები, რომლებთანაც არის დაკავშირებული უბედური შემთხვევები - პროტეზები ან სხვა იმპლანტანტები, მასალები და შესაბამისი მოწყობილობები (Y",მრავალხაზიანი/შეწყვეტილი ტექსტი წყაროში
Y70.3,"საანესთეზიო ხელსაწყოები, რომლებთანაც არის დაკავშირებული უბედური შემთხვევები - ქირურგიული ინსტრუმენტები, მასალები და ხელსაწყოები (საკერავი მასალის ჩათვ",მრავალხაზიანი/შეწყვეტილი ტექსტი წყაროში
Y71.1,"გულ-სისხლძარღვთა სისტემის ავადმყოფობების სადიაგნოსტიკო და სამკურნალო ხელსაწყოები, რომლებთანაც არის დაკავშირებული უბედური შემთხვევები - თერაპიული (არაქ",მრავალხაზიანი/შეწყვეტილი ტექსტი წყაროში
Y78.2,"რადიოლოგიური ხელსაწყოები, რომლებთანაც არის დაკავშირებული უბედური შემთხვევები -პროტეზები ან სხვა იმპლანტანტები, მასალები და შესაბამისი მოწყობილობები (Y",მრავალხაზიანი/შეწყვეტილი ტექსტი წყაროში
Y78.3,"რადიოლოგიური ხელსაწყოები, რომლებთანაც არის დაკავშირებული უბედური შემთხვევები - ქირურგიული ინსტრუმენტები, მასალები და ხელსაწყოები (საკერავი მასალის ჩათ",მრავალხაზიანი/შეწყვეტილი ტექსტი წყაროში
Y79.2,"ორთოპედიული ხელსაწყოები, რომლებთანაც არის დაკავშირებული უბედური შემთხვევები - პროტეზები ან სხვა იმპლანტანტები, მასალები და შესაბამისი მოწყობილობები (Y",მრავალხაზიანი/შეწყვეტილი ტექსტი წყაროში
Y79.3,"ორთოპედიული ხელსაწყოები, რომლებთანაც არის დაკავშირებული უბედური შემთხვევები - ქირურგიული ინსტრუმენტები, მასალები და ხელსაწყოები (საკერავი მასალის ჩათვ",მრავალხაზიანი/შეწყვეტილი ტექსტი წყაროში
Y80.3,"ფიზიოთერაპიული ხელსაწყოები, რომლებთანაც არის დაკავშირებული უბედური შემთხვევები - ქირურგიული ინსტრუმენტები, მასალები და ხელსაწყოები (საკერავი მასალის ჩ",მრავალხაზიანი/შეწყვეტილი ტექსტი წყაროში
Y82.3,"სხვა და დაუზუსტებელი სამედიცინო ხელსაწყოები, რომლებთანაც არის დაკავშირებული უბედური შემთხვევები - ქირურგიული ინსტრუმენტები, მასალები და ხელსაწყოები (ს",მრავალხაზიანი/შეწყვეტილი ტექსტი წყაროში
Y84.1,"თირკმლის დიალიზი, როგორც პაციენტის არანორმალური რეაქციის, ან მოგვიანებითი გართულების მიზეზი, მისთვის შემთხვევით მიყენებული ზიანის აღნიშვნის გარეშე (Y8",მრავალხაზიანი/შეწყვეტილი ტექსტი წყაროში
Y84.3,"შოკური თერაპია, როგორც პაციენტის არანორმალური რეაქციის, ან მოგვიანებითი გართულების მიზეზი, მისთვის შემთხვევით მიყენებული ზიანის აღნიშვნის გარეშე (Y84.",მრავალხაზიანი/შეწყვეტილი ტექსტი წყაროში
Y84.4,"სითხის ასპირაცია, როგორც პაციენტის არანორმალური რეაქციის, ან მოგვიანებითი გართულების მიზეზი, მისთვის შემთხვევით მიყენებული ზიანის აღნიშვნის გარეშე (Y8",მრავალხაზიანი/შეწყვეტილი ტექსტი წყაროში
